filename,object_location,image_small,image_thumb
utblac_independentvoices_laguardia_vol.2_no.1_image.JPG,/objects/utblac_independentvoices_laguardia_vol.2_no.1_image.JPG,/objects/small/utblac_independentvoices_laguardia_vol.2_no.1_image_sm.jpg,/objects/thumbs/utblac_independentvoices_laguardia_vol.2_no.1_image_th.jpg
utblac_independentvoices_laguardia_vol.2_no.1_luchandopormejoreducacion.PNG,/objects/utblac_independentvoices_laguardia_vol.2_no.1_luchandopormejoreducacion.PNG,/objects/small/utblac_independentvoices_laguardia_vol.2_no.1_luchandopormejoreducacion_sm.jpg,/objects/thumbs/utblac_independentvoices_laguardia_vol.2_no.1_luchandopormejoreducacion_th.jpg
utblac_independentvoices_laguardia_vol.2_no.1_pg.12.JPG,/objects/utblac_independentvoices_laguardia_vol.2_no.1_pg.12.JPG,/objects/small/utblac_independentvoices_laguardia_vol.2_no.1_pg.12_sm.jpg,/objects/thumbs/utblac_independentvoices_laguardia_vol.2_no.1_pg.12_th.jpg
utblac_independentvoices_laguardia_vol.2_no.1_pg.6.JPG,/objects/utblac_independentvoices_laguardia_vol.2_no.1_pg.6.JPG,/objects/small/utblac_independentvoices_laguardia_vol.2_no.1_pg.6_sm.jpg,/objects/thumbs/utblac_independentvoices_laguardia_vol.2_no.1_pg.6_th.jpg
utblac_independentvoices_laguardia_vol.2_no.1_pg3.JPG,/objects/utblac_independentvoices_laguardia_vol.2_no.1_pg3.JPG,/objects/small/utblac_independentvoices_laguardia_vol.2_no.1_pg3_sm.jpg,/objects/thumbs/utblac_independentvoices_laguardia_vol.2_no.1_pg3_th.jpg
utblac_independentvoices_laguardia_vol.2_no.1_pg4.JPG,/objects/utblac_independentvoices_laguardia_vol.2_no.1_pg4.JPG,/objects/small/utblac_independentvoices_laguardia_vol.2_no.1_pg4_sm.jpg,/objects/thumbs/utblac_independentvoices_laguardia_vol.2_no.1_pg4_th.jpg
utblac_independentvoices_laguardia_vol.2_no.1_pg5.JPG,/objects/utblac_independentvoices_laguardia_vol.2_no.1_pg5.JPG,/objects/small/utblac_independentvoices_laguardia_vol.2_no.1_pg5_sm.jpg,/objects/thumbs/utblac_independentvoices_laguardia_vol.2_no.1_pg5_th.jpg
utblac_independentvoices_laguardia_vol.2_no.1_pg9.JPG,/objects/utblac_independentvoices_laguardia_vol.2_no.1_pg9.JPG,/objects/small/utblac_independentvoices_laguardia_vol.2_no.1_pg9_sm.jpg,/objects/thumbs/utblac_independentvoices_laguardia_vol.2_no.1_pg9_th.jpg
utblac_independentvoices_laguardia_vol.2_no.3_pg.2.jpg,/objects/utblac_independentvoices_laguardia_vol.2_no.3_pg.2.jpg,/objects/small/utblac_independentvoices_laguardia_vol.2_no.3_pg.2_sm.jpg,/objects/thumbs/utblac_independentvoices_laguardia_vol.2_no.3_pg.2_th.jpg
utblac_independentvoices_laguardia_vol.2_no.3_pg.5.jpg,/objects/utblac_independentvoices_laguardia_vol.2_no.3_pg.5.jpg,/objects/small/utblac_independentvoices_laguardia_vol.2_no.3_pg.5_sm.jpg,/objects/thumbs/utblac_independentvoices_laguardia_vol.2_no.3_pg.5_th.jpg
utblac_independentvoices_laguardia_vol.2_no.3_pg.7.jpg,/objects/utblac_independentvoices_laguardia_vol.2_no.3_pg.7.jpg,/objects/small/utblac_independentvoices_laguardia_vol.2_no.3_pg.7_sm.jpg,/objects/thumbs/utblac_independentvoices_laguardia_vol.2_no.3_pg.7_th.jpg
utblac_independentvoices_laguardia_vol.2_no.3_pg.9.jpg,/objects/utblac_independentvoices_laguardia_vol.2_no.3_pg.9.jpg,/objects/small/utblac_independentvoices_laguardia_vol.2_no.3_pg.9_sm.jpg,/objects/thumbs/utblac_independentvoices_laguardia_vol.2_no.3_pg.9_th.jpg
utblac_independentvoices_laguardia_vol.2_no.7_pg.2.JPG,/objects/utblac_independentvoices_laguardia_vol.2_no.7_pg.2.JPG,/objects/small/utblac_independentvoices_laguardia_vol.2_no.7_pg.2_sm.jpg,/objects/thumbs/utblac_independentvoices_laguardia_vol.2_no.7_pg.2_th.jpg
utblac_independentvoices_laguardia_vol.2_no.7_pg.3.2.JPG,/objects/utblac_independentvoices_laguardia_vol.2_no.7_pg.3.2.JPG,/objects/small/utblac_independentvoices_laguardia_vol.2_no.7_pg.3.2_sm.jpg,/objects/thumbs/utblac_independentvoices_laguardia_vol.2_no.7_pg.3.2_th.jpg
utblac_independentvoices_laguardia_vol.2_no.7_pg.8.2.jpg,/objects/utblac_independentvoices_laguardia_vol.2_no.7_pg.8.2.jpg,/objects/small/utblac_independentvoices_laguardia_vol.2_no.7_pg.8.2_sm.jpg,/objects/thumbs/utblac_independentvoices_laguardia_vol.2_no.7_pg.8.2_th.jpg
utblac_independentvoices_laguardia_vol.2_no.7_pg.8.jpg,/objects/utblac_independentvoices_laguardia_vol.2_no.7_pg.8.jpg,/objects/small/utblac_independentvoices_laguardia_vol.2_no.7_pg.8_sm.jpg,/objects/thumbs/utblac_independentvoices_laguardia_vol.2_no.7_pg.8_th.jpg
utblac_independentvoices_laguardia_vol.2_no.7_pg3.JPG,/objects/utblac_independentvoices_laguardia_vol.2_no.7_pg3.JPG,/objects/small/utblac_independentvoices_laguardia_vol.2_no.7_pg3_sm.jpg,/objects/thumbs/utblac_independentvoices_laguardia_vol.2_no.7_pg3_th.jpg
utblac_independentvoices_laguardia_vol.2_no.7_sep16and23.PNG,/objects/utblac_independentvoices_laguardia_vol.2_no.7_sep16and23.PNG,/objects/small/utblac_independentvoices_laguardia_vol.2_no.7_sep16and23_sm.jpg,/objects/thumbs/utblac_independentvoices_laguardia_vol.2_no.7_sep16and23_th.jpg
utblac_independentvoices_laguardia_vol.3_no.3_ccc.PNG,/objects/utblac_independentvoices_laguardia_vol.3_no.3_ccc.PNG,/objects/small/utblac_independentvoices_laguardia_vol.3_no.3_ccc_sm.jpg,/objects/thumbs/utblac_independentvoices_laguardia_vol.3_no.3_ccc_th.jpg
utblac_independentvoices_laguardia_vol.4_no.10_pg.1.JPG,/objects/utblac_independentvoices_laguardia_vol.4_no.10_pg.1.JPG,/objects/small/utblac_independentvoices_laguardia_vol.4_no.10_pg.1_sm.jpg,/objects/thumbs/utblac_independentvoices_laguardia_vol.4_no.10_pg.1_th.jpg
utblac_independentvoices_laguardia_vol.4_no.10_pg.3.JPG,/objects/utblac_independentvoices_laguardia_vol.4_no.10_pg.3.JPG,/objects/small/utblac_independentvoices_laguardia_vol.4_no.10_pg.3_sm.jpg,/objects/thumbs/utblac_independentvoices_laguardia_vol.4_no.10_pg.3_th.jpg
utblac_independentvoices_laguardia_vol.4_no.10_pg2.JPG,/objects/utblac_independentvoices_laguardia_vol.4_no.10_pg2.JPG,/objects/small/utblac_independentvoices_laguardia_vol.4_no.10_pg2_sm.jpg,/objects/thumbs/utblac_independentvoices_laguardia_vol.4_no.10_pg2_th.jpg
utblac_independentvoices_laguardia_vol.4_no.9_pg9.JPG,/objects/utblac_independentvoices_laguardia_vol.4_no.9_pg9.JPG,/objects/small/utblac_independentvoices_laguardia_vol.4_no.9_pg9_sm.jpg,/objects/thumbs/utblac_independentvoices_laguardia_vol.4_no.9_pg9_th.jpg
utblac_independentvoices_laguardia_vol.5_no.3_thetruthaboutraymendoza.PNG,/objects/utblac_independentvoices_laguardia_vol.5_no.3_thetruthaboutraymendoza.PNG,/objects/small/utblac_independentvoices_laguardia_vol.5_no.3_thetruthaboutraymendoza_sm.jpg,/objects/thumbs/utblac_independentvoices_laguardia_vol.5_no.3_thetruthaboutraymendoza_th.jpg
utblac_independentvoices_laguardia_vol.5_no.6_pg.1.JPG,/objects/utblac_independentvoices_laguardia_vol.5_no.6_pg.1.JPG,/objects/small/utblac_independentvoices_laguardia_vol.5_no.6_pg.1_sm.jpg,/objects/thumbs/utblac_independentvoices_laguardia_vol.5_no.6_pg.1_th.jpg
utblac_independentvoices_laguardia_vol.5_no.6_pg.2.JPG,/objects/utblac_independentvoices_laguardia_vol.5_no.6_pg.2.JPG,/objects/small/utblac_independentvoices_laguardia_vol.5_no.6_pg.2_sm.jpg,/objects/thumbs/utblac_independentvoices_laguardia_vol.5_no.6_pg.2_th.jpg
utblac_independentvoices_laguardia_vol.5_no.6_pg.3.JPG,/objects/utblac_independentvoices_laguardia_vol.5_no.6_pg.3.JPG,/objects/small/utblac_independentvoices_laguardia_vol.5_no.6_pg.3_sm.jpg,/objects/thumbs/utblac_independentvoices_laguardia_vol.5_no.6_pg.3_th.jpg
utblac_independentvoices_laguardia_vol.5_no.6_pg.8.JPG,/objects/utblac_independentvoices_laguardia_vol.5_no.6_pg.8.JPG,/objects/small/utblac_independentvoices_laguardia_vol.5_no.6_pg.8_sm.jpg,/objects/thumbs/utblac_independentvoices_laguardia_vol.5_no.6_pg.8_th.jpg
utblac_independentvoices_laguardia_vol.7_no.11_Nuestro.PNG,/objects/utblac_independentvoices_laguardia_vol.7_no.11_Nuestro.PNG,/objects/small/utblac_independentvoices_laguardia_vol.7_no.11_nuestro_sm.jpg,/objects/thumbs/utblac_independentvoices_laguardia_vol.7_no.11_nuestro_th.jpg
utblac_independentvoices_laguardia_vol.7_no.11_pg.11.jpg,/objects/utblac_independentvoices_laguardia_vol.7_no.11_pg.11.jpg,/objects/small/utblac_independentvoices_laguardia_vol.7_no.11_pg.11_sm.jpg,/objects/thumbs/utblac_independentvoices_laguardia_vol.7_no.11_pg.11_th.jpg
utblac_independentvoices_laguardia_vol.7_no.11_pg.4.JPG,/objects/utblac_independentvoices_laguardia_vol.7_no.11_pg.4.JPG,/objects/small/utblac_independentvoices_laguardia_vol.7_no.11_pg.4_sm.jpg,/objects/thumbs/utblac_independentvoices_laguardia_vol.7_no.11_pg.4_th.jpg
utblac_independentvoices_laguardia_vol.7_no.11_pg.6.JPG,/objects/utblac_independentvoices_laguardia_vol.7_no.11_pg.6.JPG,/objects/small/utblac_independentvoices_laguardia_vol.7_no.11_pg.6_sm.jpg,/objects/thumbs/utblac_independentvoices_laguardia_vol.7_no.11_pg.6_th.jpg
utblac_independentvoices_laguardia_vol.7_no.11_pg.7.jpg,/objects/utblac_independentvoices_laguardia_vol.7_no.11_pg.7.jpg,/objects/small/utblac_independentvoices_laguardia_vol.7_no.11_pg.7_sm.jpg,/objects/thumbs/utblac_independentvoices_laguardia_vol.7_no.11_pg.7_th.jpg
utblac_independentvoices_laguardia_vol.7_no.11_pg.8.jpg,/objects/utblac_independentvoices_laguardia_vol.7_no.11_pg.8.jpg,/objects/small/utblac_independentvoices_laguardia_vol.7_no.11_pg.8_sm.jpg,/objects/thumbs/utblac_independentvoices_laguardia_vol.7_no.11_pg.8_th.jpg
